<?xml version="1.0" encoding="utf-8" ?>
<!-- SQL XML created by WWW SQL Designer, http://code.google.com/p/wwwsqldesigner/ -->
<!-- Active URL: http://ondras.zarovi.cz/sql/demo/?keyword=default -->
<sql>
<datatypes db="mysql">
	<group label="Numeric" color="rgb(238,238,170)">
		<type label="Integer" length="0" sql="INTEGER" re="INT" quote=""/>
		<type label="Decimal" length="1" sql="DECIMAL" re="DEC" quote=""/>
		<type label="Single precision" length="0" sql="FLOAT" quote=""/>
		<type label="Double precision" length="0" sql="DOUBLE" re="DOUBLE" quote=""/>
	</group>

	<group label="Character" color="rgb(255,200,200)">
		<type label="Char" length="1" sql="CHAR" quote="'"/>
		<type label="Varchar" length="1" sql="VARCHAR" quote="'"/>
		<type label="Text" length="0" sql="MEDIUMTEXT" re="TEXT" quote="'"/>
		<type label="Binary" length="1" sql="BINARY" quote="'"/>
		<type label="Varbinary" length="1" sql="VARBINARY" quote="'"/>
		<type label="BLOB" length="0" sql="BLOB" re="BLOB" quote="'"/>
	</group>

	<group label="Date &amp; Time" color="rgb(200,255,200)">
		<type label="Date" length="0" sql="DATE" quote="'"/>
		<type label="Time" length="0" sql="TIME" quote="'"/>
		<type label="Datetime" length="0" sql="DATETIME" quote="'"/>
		<type label="Year" length="0" sql="YEAR" quote=""/>
		<type label="Timestamp" length="0" sql="TIMESTAMP" quote="'"/>
	</group>
	
	<group label="Miscellaneous" color="rgb(200,200,255)">
		<type label="ENUM" length="1" sql="ENUM" quote=""/>
		<type label="SET" length="1" sql="SET" quote=""/>
	</group>
</datatypes><table x="37" y="34" name="Usuarios">
<row name="id" null="1" autoincrement="1">
<datatype>INTEGER</datatype>
<default>NULL</default></row>
<row name="personal_id" null="1" autoincrement="0">
<datatype>INTEGER</datatype>
<default>NULL</default></row>
<row name="academico_id" null="1" autoincrement="0">
<datatype>INTEGER</datatype>
<default>NULL</default></row>
<row name="contacto_id" null="1" autoincrement="0">
<datatype>INTEGER</datatype>
<default>NULL</default></row>
<row name="laboral_id" null="1" autoincrement="0">
<datatype>INTEGER</datatype>
<default>NULL</default></row>
<row name="posgrado_id" null="1" autoincrement="0">
<datatype>INTEGER</datatype>
<default>NULL</default></row>
<row name="docente_id" null="1" autoincrement="0">
<datatype>INTEGER</datatype>
<default>NULL</default></row>
<row name="login" null="1" autoincrement="0">
<datatype>MEDIUMTEXT</datatype>
<default>NULL</default></row>
<row name="password" null="1" autoincrement="0">
<datatype>MEDIUMTEXT</datatype>
<default>NULL</default></row>
<row name="creado" null="1" autoincrement="0">
<datatype>VARCHAR(10)</datatype>
<default>NULL</default></row>
<row name="actualizado" null="1" autoincrement="0">
<datatype>VARCHAR(10)</datatype>
<default>NULL</default></row>
<key type="PRIMARY" name="">
<part>id</part>
</key>
</table>
<table x="202" y="30" name="Personal">
<row name="id" null="1" autoincrement="1">
<datatype>INTEGER</datatype>
<default>NULL</default></row>
<row name="nombre" null="1" autoincrement="0">
<datatype>MEDIUMTEXT</datatype>
<default>NULL</default></row>
<row name="ap_paterno" null="1" autoincrement="0">
<datatype>MEDIUMTEXT</datatype>
<default>NULL</default></row>
<row name="ap_materno" null="1" autoincrement="0">
<datatype>MEDIUMTEXT</datatype>
<default>NULL</default></row>
<row name="fdn" null="1" autoincrement="0">
<datatype>VARCHAR(10)</datatype>
<default>NULL</default><comment>Fecha de Nacimiento</comment>
</row>
<row name="sexo" null="1" autoincrement="0">
<datatype>VARCHAR(1)</datatype>
<default>NULL</default></row>
<row name="procedencia" null="1" autoincrement="0">
<datatype>INTEGER</datatype>
<default>NULL</default></row>
<row name="calle" null="1" autoincrement="0">
<datatype>MEDIUMTEXT</datatype>
<default>NULL</default></row>
<row name="num_ext" null="1" autoincrement="0">
<datatype>MEDIUMTEXT</datatype>
<default>NULL</default></row>
<row name="num_int" null="1" autoincrement="0">
<datatype>MEDIUMTEXT</datatype>
<default>NULL</default></row>
<row name="colonia" null="1" autoincrement="0">
<datatype>MEDIUMTEXT</datatype>
<default>NULL</default></row>
<row name="cp" null="1" autoincrement="0">
<datatype>MEDIUMTEXT</datatype>
<default>NULL</default></row>
<key type="PRIMARY" name="">
<part>id</part>
</key>
</table>
<table x="339" y="29" name="Academico">
<row name="id" null="1" autoincrement="1">
<datatype>INTEGER</datatype>
<default>NULL</default></row>
<row name="institucion" null="1" autoincrement="0">
<datatype>INTEGER</datatype>
<default>NULL</default></row>
<row name="carrera" null="1" autoincrement="0">
<datatype>MEDIUMTEXT</datatype>
<default>NULL</default></row>
<row name="fecha_ingreso" null="1" autoincrement="0">
<datatype>VARCHAR(10)</datatype>
<default>NULL</default></row>
<row name="fecha_egreso" null="1" autoincrement="0">
<datatype>VARCHAR(10)</datatype>
<default>NULL</default></row>
<row name="forma_titulacion" null="1" autoincrement="0">
<datatype>MEDIUMTEXT</datatype>
<default>NULL</default></row>
<row name="lugar_estudio" null="1" autoincrement="0">
<datatype>INTEGER</datatype>
<default>NULL</default></row>
<key type="PRIMARY" name="">
<part>id</part>
</key>
</table>
<table x="499" y="32" name="Contacto">
<row name="id" null="1" autoincrement="1">
<datatype>INTEGER</datatype>
<default>NULL</default></row>
<row name="email" null="1" autoincrement="0">
<datatype>MEDIUMTEXT</datatype>
<default>NULL</default></row>
<row name="tel_movil" null="1" autoincrement="0">
<datatype>MEDIUMTEXT</datatype>
<default>NULL</default></row>
<row name="tel_fijo" null="1" autoincrement="0">
<datatype>MEDIUMTEXT</datatype>
<default>NULL</default></row>
<row name="contactar" null="1" autoincrement="0">
<datatype>INTEGER</datatype>
<default>NULL</default></row>
<row name="forma_enterado" null="1" autoincrement="0">
<datatype>INTEGER</datatype>
<default>NULL</default></row>
<key type="PRIMARY" name="">
<part>id</part>
</key>
</table>
<table x="648" y="32" name="Laboral">
<row name="id" null="1" autoincrement="1">
<datatype>INTEGER</datatype>
<default>NULL</default></row>
<row name="ha_trabajado" null="1" autoincrement="0">
<datatype>INTEGER</datatype>
<default>NULL</default></row>
<row name="experiencia" null="1" autoincrement="0">
<datatype>MEDIUMTEXT</datatype>
<default>NULL</default></row>
<row name="tiempo_trabajado" null="1" autoincrement="0">
<datatype>INTEGER</datatype>
<default>NULL</default></row>
<key type="PRIMARY" name="">
<part>id</part>
</key>
</table>
<table x="809" y="33" name="Posgrado">
<row name="id" null="1" autoincrement="1">
<datatype>INTEGER</datatype>
<default>NULL</default></row>
<row name="nombre_tesis" null="1" autoincrement="0">
<datatype>MEDIUMTEXT</datatype>
<default>NULL</default></row>
<row name="asesor" null="1" autoincrement="0">
<datatype>INTEGER</datatype>
<default>NULL</default></row>
<row name="fecha_asignacion" null="1" autoincrement="0">
<datatype>VARCHAR(10)</datatype>
<default>NULL</default></row>
<row name="fecha_fin_curso" null="1" autoincrement="0">
<datatype>VARCHAR(10)</datatype>
<default>NULL</default></row>
<row name="fecha_titulacion" null="1" autoincrement="0">
<datatype>VARCHAR(10)</datatype>
<default>NULL</default></row>
<row name="generacion" null="1" autoincrement="0">
<datatype>MEDIUMTEXT</datatype>
<default>NULL</default></row>
<row name="linea_investigacion" null="1" autoincrement="0">
<datatype>INTEGER</datatype>
<default>NULL</default></row>
<row name="link_tesis" null="1" autoincrement="0">
<datatype>MEDIUMTEXT</datatype>
<default>NULL</default></row>
<row name="link_exposicion" null="1" autoincrement="0">
<datatype>MEDIUMTEXT</datatype>
<default>NULL</default></row>
<key type="PRIMARY" name="">
<part>id</part>
</key>
</table>
<table x="60" y="1042" name="Localidades">
<row name="id" null="1" autoincrement="1">
<datatype>INTEGER</datatype>
<default>NULL</default></row>
<row name="municipio_id" null="1" autoincrement="0">
<datatype>INTEGER</datatype>
<default>NULL</default></row>
<row name="clave" null="1" autoincrement="0">
<datatype>MEDIUMTEXT</datatype>
<default>NULL</default></row>
<row name="nombre" null="1" autoincrement="0">
<datatype>MEDIUMTEXT</datatype>
<default>NULL</default></row>
<row name="latitud" null="1" autoincrement="0">
<datatype>MEDIUMTEXT</datatype>
<default>NULL</default></row>
<row name="longitud" null="1" autoincrement="0">
<datatype>MEDIUMTEXT</datatype>
<default>NULL</default></row>
<row name="altitud" null="1" autoincrement="0">
<datatype>MEDIUMTEXT</datatype>
<default>NULL</default></row>
<key type="PRIMARY" name="">
<part>id</part>
</key>
</table>
<table x="235" y="1047" name="Municipios">
<row name="id" null="1" autoincrement="1">
<datatype>INTEGER</datatype>
<default>NULL</default></row>
<row name="estado_id" null="1" autoincrement="0">
<datatype>INTEGER</datatype>
<default>NULL</default></row>
<row name="clave" null="1" autoincrement="0">
<datatype>MEDIUMTEXT</datatype>
<default>NULL</default></row>
<row name="nombre" null="1" autoincrement="0">
<datatype>MEDIUMTEXT</datatype>
<default>NULL</default></row>
<key type="PRIMARY" name="">
<part>id</part>
</key>
</table>
<table x="391" y="1047" name="Estados">
<row name="id" null="1" autoincrement="1">
<datatype>INTEGER</datatype>
<default>NULL</default></row>
<row name="nombre_comun" null="1" autoincrement="0">
<datatype>MEDIUMTEXT</datatype>
<default>NULL</default></row>
<row name="nombre_oficial" null="1" autoincrement="0">
<datatype>MEDIUMTEXT</datatype>
<default>NULL</default></row>
<row name="clave" null="1" autoincrement="0">
<datatype>MEDIUMTEXT</datatype>
<default>NULL</default></row>
<row name="abreviatura" null="1" autoincrement="0">
<datatype>MEDIUMTEXT</datatype>
<default>NULL</default></row>
<key type="PRIMARY" name="">
<part>id</part>
</key>
</table>
<table x="541" y="1050" name="Lineas_investigacion">
<row name="id" null="1" autoincrement="1">
<datatype>INTEGER</datatype>
<default>NULL</default></row>
<row name="nombre" null="1" autoincrement="0">
<datatype>MEDIUMTEXT</datatype>
<default>NULL</default></row>
<key type="PRIMARY" name="">
<part>id</part>
</key>
</table>
<table x="786" y="1052" name="Instituciones">
<row name="id" null="1" autoincrement="1">
<datatype>INTEGER</datatype>
<default>NULL</default></row>
<row name="nombre" null="1" autoincrement="0">
<datatype>MEDIUMTEXT</datatype>
<default>NULL</default></row>
<row name="abreviatura" null="1" autoincrement="0">
<datatype>MEDIUMTEXT</datatype>
<default>NULL</default></row>
<key type="PRIMARY" name="">
<part>id</part>
</key>
</table>
<table x="47" y="370" name="Docentes">
<row name="id" null="1" autoincrement="1">
<datatype>INTEGER</datatype>
<default>NULL</default></row>
<row name="grado" null="1" autoincrement="0">
<datatype>MEDIUMTEXT</datatype>
<default>NULL</default></row>
<row name="sni" null="1" autoincrement="0">
<datatype>INTEGER</datatype>
<default>NULL</default></row>
<row name="nivel_sni" null="1" autoincrement="0">
<datatype>INTEGER</datatype>
<default>NULL</default></row>
<row name="tiempo_completo" null="1" autoincrement="0">
<datatype>INTEGER</datatype>
<default>NULL</default></row>
<row name="especialidad" null="1" autoincrement="0">
<datatype>MEDIUMTEXT</datatype>
<default>NULL</default></row>
<row name="cedula" null="1" autoincrement="0">
<datatype>MEDIUMTEXT</datatype>
<default>NULL</default></row>
<row name="promep" null="1" autoincrement="0">
<datatype>INTEGER</datatype>
<default>NULL</default></row>
<key type="PRIMARY" name="">
<part>id</part>
</key>
</table>
<table x="63" y="949" name="Nivel_SNI">
<row name="id" null="1" autoincrement="1">
<datatype>INTEGER</datatype>
<default>NULL</default></row>
<row name="nombre" null="1" autoincrement="0">
<datatype>MEDIUMTEXT</datatype>
<default>NULL</default></row>
<key type="PRIMARY" name="">
<part>id</part>
</key>
</table>
<table x="226" y="951" name="Estatus_PROMEP">
<row name="id" null="1" autoincrement="1">
<datatype>INTEGER</datatype>
<default>NULL</default></row>
<row name="nombre" null="1" autoincrement="0">
<datatype>MEDIUMTEXT</datatype>
<default>NULL</default></row>
<key type="PRIMARY" name="">
<part>id</part>
</key>
</table>
<table x="430" y="951" name="Forma_enterado">
<row name="id" null="1" autoincrement="1">
<datatype>INTEGER</datatype>
<default>NULL</default></row>
<row name="nombre" null="1" autoincrement="0">
<datatype>MEDIUMTEXT</datatype>
<default>NULL</default></row>
<key type="PRIMARY" name="">
<part>id</part>
</key>
</table>
<table x="222" y="370" name="Oauth">
<row name="id" null="1" autoincrement="1">
<datatype>INTEGER</datatype>
<default>NULL</default></row>
<row name="usuario_id" null="1" autoincrement="0">
<datatype>INTEGER</datatype>
<default>NULL</default></row>
<row name="provider" null="1" autoincrement="0">
<datatype>MEDIUMTEXT</datatype>
<default>NULL</default></row>
<row name="uid" null="1" autoincrement="0">
<datatype>MEDIUMTEXT</datatype>
<default>NULL</default></row>
<key type="PRIMARY" name="">
<part>id</part>
</key>
</table>
<table x="629" y="949" name="Idiomas">
<row name="id" null="1" autoincrement="1">
<datatype>INTEGER</datatype>
<default>NULL</default></row>
<row name="nombre" null="1" autoincrement="0">
<datatype>MEDIUMTEXT</datatype>
<default>NULL</default></row>
<key type="PRIMARY" name="">
<part>id</part>
</key>
</table>
<table x="578" y="318" name="Idiomas_Usuarios">
<row name="id" null="1" autoincrement="1">
<datatype>INTEGER</datatype>
<default>NULL</default></row>
<row name="usuario_id" null="1" autoincrement="0">
<datatype>INTEGER</datatype>
<default>NULL</default></row>
<row name="idioma_id" null="1" autoincrement="0">
<datatype>INTEGER</datatype>
<default>NULL</default></row>
<row name="lee" null="1" autoincrement="0">
<datatype>INTEGER</datatype>
<default>NULL</default></row>
<row name="escribe" null="1" autoincrement="0">
<datatype>INTEGER</datatype>
<default>NULL</default></row>
<row name="habla" null="1" autoincrement="0">
<datatype>INTEGER</datatype>
<default>NULL</default></row>
<row name="entiende" null="1" autoincrement="0">
<datatype>INTEGER</datatype>
<default>NULL</default></row>
<key type="PRIMARY" name="">
<part>id</part>
</key>
</table>
<table x="371" y="428" name="Lenguajes">
<row name="id" null="1" autoincrement="1">
<datatype>INTEGER</datatype>
<default>NULL</default></row>
<row name="nombre" null="1" autoincrement="0">
<datatype>MEDIUMTEXT</datatype>
<default>NULL</default></row>
<key type="PRIMARY" name="">
<part>id</part>
</key>
</table>
<table x="367" y="245" name="Plataformas">
<row name="id" null="1" autoincrement="1">
<datatype>INTEGER</datatype>
<default>NULL</default></row>
<row name="nombre" null="1" autoincrement="0">
<datatype>MEDIUMTEXT</datatype>
<default>NULL</default></row>
<key type="PRIMARY" name="">
<part>id</part>
</key>
</table>
<table x="367" y="339" name="Herramientas">
<row name="id" null="1" autoincrement="1">
<datatype>INTEGER</datatype>
<default>NULL</default></row>
<row name="nombre" null="1" autoincrement="0">
<datatype>MEDIUMTEXT</datatype>
<default>NULL</default></row>
<key type="PRIMARY" name="">
<part>id</part>
</key>
</table>
<table x="372" y="512" name="Areas_Interes">
<row name="id" null="1" autoincrement="1">
<datatype>INTEGER</datatype>
<default>NULL</default></row>
<row name="nombre" null="1" autoincrement="0">
<datatype>MEDIUMTEXT</datatype>
<default>NULL</default></row>
<key type="PRIMARY" name="">
<part>id</part>
</key>
</table>
<table x="59" y="619" name="Plataformas_Usuarios">
<row name="id" null="1" autoincrement="1">
<datatype>INTEGER</datatype>
<default>NULL</default></row>
<row name="usuario_id" null="1" autoincrement="0">
<datatype>INTEGER</datatype>
<default>NULL</default></row>
<row name="plataforma_id" null="1" autoincrement="0">
<datatype>INTEGER</datatype>
<default>NULL</default></row>
<key type="PRIMARY" name="">
<part>id</part>
</key>
</table>
<table x="61" y="733" name="Herramientas_Usuarios">
<row name="id" null="1" autoincrement="1">
<datatype>INTEGER</datatype>
<default>NULL</default></row>
<row name="usuario_id" null="1" autoincrement="0">
<datatype>INTEGER</datatype>
<default>NULL</default></row>
<row name="herramienta_id" null="1" autoincrement="0">
<datatype>INTEGER</datatype>
<default>NULL</default></row>
<key type="PRIMARY" name="">
<part>id</part>
</key>
</table>
<table x="344" y="618" name="Lenguajes_Usuarios">
<row name="id" null="1" autoincrement="1">
<datatype>INTEGER</datatype>
<default>NULL</default></row>
<row name="usuario_id" null="1" autoincrement="0">
<datatype>INTEGER</datatype>
<default>NULL</default></row>
<row name="lenguaje_id" null="1" autoincrement="0">
<datatype>INTEGER</datatype>
<default>NULL</default></row>
<key type="PRIMARY" name="">
<part>id</part>
</key>
</table>
<table x="350" y="734" name="Areas_Usuarios">
<row name="id" null="1" autoincrement="1">
<datatype>INTEGER</datatype>
<default>NULL</default></row>
<row name="usuario_id" null="1" autoincrement="0">
<datatype>INTEGER</datatype>
<default>NULL</default></row>
<row name="area_id" null="1" autoincrement="0">
<datatype>INTEGER</datatype>
<default>NULL</default></row>
<key type="PRIMARY" name="">
<part>id</part>
</key>
</table>
<table x="821" y="320" name="Publicaciones">
<row name="id" null="1" autoincrement="1">
<datatype>INTEGER</datatype>
<default>NULL</default></row>
<row name="nombre" null="1" autoincrement="0">
<datatype>MEDIUMTEXT</datatype>
<default>NULL</default></row>
<row name="autor" null="1" autoincrement="0">
<datatype>INTEGER</datatype>
<default>NULL</default></row>
<row name="coautores" null="1" autoincrement="0">
<datatype>MEDIUMTEXT</datatype>
<default>NULL</default></row>
<row name="tipo" null="1" autoincrement="0">
<datatype>MEDIUMTEXT</datatype>
<default>NULL</default></row>
<row name="evento" null="1" autoincrement="0">
<datatype>MEDIUMTEXT</datatype>
<default>NULL</default></row>
<row name="fecha_publicacion" null="1" autoincrement="0">
<datatype>VARCHAR(10)</datatype>
<default>NULL</default></row>
<row name="editorial" null="1" autoincrement="0">
<datatype>MEDIUMTEXT</datatype>
<default>NULL</default></row>
<row name="isbn" null="1" autoincrement="0">
<datatype>MEDIUMTEXT</datatype>
<default>NULL</default></row>
<row name="tipo_trabajo" null="1" autoincrement="0">
<datatype>MEDIUMTEXT</datatype>
<default>NULL</default></row>
<row name="nacionalidad" null="1" autoincrement="0">
<datatype>MEDIUMTEXT</datatype>
<default>NULL</default></row>
<key type="PRIMARY" name="">
<part>id</part>
</key>
</table>
<table x="601" y="526" name="Secciones">
<row name="id" null="1" autoincrement="1">
<datatype>INTEGER</datatype>
<default>NULL</default></row>
<row name="nombre" null="1" autoincrement="0">
<datatype>MEDIUMTEXT</datatype>
<default>NULL</default></row>
<row name="contenido" null="1" autoincrement="0">
<datatype>MEDIUMTEXT</datatype>
<default>NULL</default></row>
<row name="actualizado" null="1" autoincrement="0">
<datatype>VARCHAR(10)</datatype>
<default>NULL</default></row>
<key type="PRIMARY" name="">
<part>id</part>
</key>
</table>
<table x="607" y="667" name="Roles">
<row name="id" null="1" autoincrement="1">
<datatype>INTEGER</datatype>
<default>NULL</default></row>
<row name="nombre" null="1" autoincrement="0">
<datatype>MEDIUMTEXT</datatype>
<default>NULL</default></row>
<key type="PRIMARY" name="">
<part>id</part>
</key>
</table>
<table x="602" y="762" name="Usuario_Roles">
<row name="id" null="1" autoincrement="1">
<datatype>INTEGER</datatype>
<default>NULL</default></row>
<row name="usuario_id" null="1" autoincrement="0">
<datatype>INTEGER</datatype>
<default>NULL</default></row>
<row name="rol_id" null="1" autoincrement="0">
<datatype>INTEGER</datatype>
<default>NULL</default></row>
<row name="creado" null="1" autoincrement="0">
<datatype>VARCHAR(10)</datatype>
<default>NULL</default></row>
<key type="PRIMARY" name="">
<part>id</part>
</key>
</table>
<table x="99" y="1278" name="Eventos">
<row name="id" null="1" autoincrement="1">
<datatype>INTEGER</datatype>
<default>NULL</default></row>
<row name="nombre" null="1" autoincrement="0">
<datatype>MEDIUMTEXT</datatype>
<default>NULL</default></row>
<row name="autor" null="1" autoincrement="0">
<datatype>INTEGER</datatype>
<default>NULL</default></row>
<row name="descripcion" null="1" autoincrement="0">
<datatype>MEDIUMTEXT</datatype>
<default>NULL</default></row>
<row name="fecha_inicio" null="1" autoincrement="0">
<datatype>VARCHAR(10)</datatype>
<default>NULL</default></row>
<row name="fecha_fin" null="1" autoincrement="0">
<datatype>VARCHAR(10)</datatype>
<default>NULL</default></row>
<row name="prioridad" null="1" autoincrement="0">
<datatype>INTEGER</datatype>
<default>NULL</default></row>
<key type="PRIMARY" name="">
<part>id</part>
</key>
</table>
<table x="256" y="1281" name="Evento_Usuario">
<row name="id" null="1" autoincrement="1">
<datatype>INTEGER</datatype>
<default>NULL</default></row>
<row name="evento_id" null="1" autoincrement="0">
<datatype>INTEGER</datatype>
<default>NULL</default></row>
<row name="usuario_id" null="1" autoincrement="0">
<datatype>INTEGER</datatype>
<default>NULL</default></row>
<key type="PRIMARY" name="">
<part>id</part>
</key>
</table>
<table x="480" y="1279" name="Materias">
<row name="id" null="1" autoincrement="1">
<datatype>INTEGER</datatype>
<default>NULL</default></row>
<row name="nombre" null="1" autoincrement="0">
<datatype>MEDIUMTEXT</datatype>
<default>NULL</default></row>
<row name="semestre" null="1" autoincrement="0">
<datatype>INTEGER</datatype>
<default>NULL</default></row>
<row name="linea_investigacion" null="1" autoincrement="0">
<datatype>INTEGER</datatype>
<default>NULL</default></row>
<row name="doc" null="1" autoincrement="0">
<datatype>INTEGER</datatype>
<default>NULL</default></row>
<row name="tis" null="1" autoincrement="0">
<datatype>INTEGER</datatype>
<default>NULL</default></row>
<row name="tps" null="1" autoincrement="0">
<datatype>INTEGER</datatype>
<default>NULL</default></row>
<row name="horas_totales" null="1" autoincrement="0">
<datatype>INTEGER</datatype>
<default>NULL</default></row>
<row name="creditos" null="1" autoincrement="0">
<datatype>INTEGER</datatype>
<default>NULL</default></row>
<key type="PRIMARY" name="">
<part>id</part>
</key>
</table>
</sql>

